country_name,country_code,year,current_health_expenditure_per_capita
Afghanistan,AFG,2000,..
Afghanistan,AFG,2019,74.0642395
Albania,ALB,2000,65.47674561
Albania,ALB,2019,366.34014893
Algeria,DZA,2000,61.85785294
Algeria,DZA,2019,242.07049561
American Samoa,ASM,2000,..
American Samoa,ASM,2019,..
Andorra,AND,2000,1294.09118652
Andorra,AND,2019,3021.078125
Angola,AGO,2000,13.15998554
Angola,AGO,2019,64.4466095
Antigua and Barbuda,ATG,2000,520.12213135
Antigua and Barbuda,ATG,2019,808.14996338
Argentina,ARG,2000,702.23309326
Argentina,ARG,2019,1007.45629883
Armenia,ARM,2000,25.6606369
Armenia,ARM,2019,533.69952393
Aruba,ABW,2000,..
Aruba,ABW,2019,..
Australia,AUS,2000,1626.73388672
Australia,AUS,2019,5543.37841797
Austria,AUT,2000,2301.89208984
Austria,AUT,2019,5313.19287109
Azerbaijan,AZE,2000,19.01968193
Azerbaijan,AZE,2019,199.25746155
"Bahamas, The",BHS,2000,948.88244629
"Bahamas, The",BHS,2019,1881.40393066
Bahrain,BHR,2000,451.50253296
Bahrain,BHR,2019,1030.26379395
Bangladesh,BGD,2000,8.27585602
Bangladesh,BGD,2019,45.07677078
Barbados,BRB,2000,622.47875977
Barbados,BRB,2019,1168.11938477
Belarus,BLR,2000,57.02944183
Belarus,BLR,2019,400.11621094
Belgium,BEL,2000,1849.91601563
Belgium,BEL,2019,5087.45654297
Belize,BLZ,2000,139.00151062
Belize,BLZ,2019,298.14306641
Benin,BEN,2000,14.42371464
Benin,BEN,2019,33.9457283
Bermuda,BMU,2000,..
Bermuda,BMU,2019,..
Bhutan,BTN,2000,30.5911293
Bhutan,BTN,2019,115.71811676
Bolivia,BOL,2000,42.89028168
Bolivia,BOL,2019,241.34619141
Bosnia and Herzegovina,BIH,2000,106.5786972
Bosnia and Herzegovina,BIH,2019,546.4508667
Botswana,BWA,2000,206.93144226
Botswana,BWA,2019,438.28546143
Brazil,BRA,2000,313.92590332
Brazil,BRA,2019,868.17248535
British Virgin Islands,VGB,2000,..
British Virgin Islands,VGB,2019,..
Brunei Darussalam,BRN,2000,519.05047607
Brunei Darussalam,BRN,2019,678.81982422
Bulgaria,BGR,2000,94.51976013
Bulgaria,BGR,2019,733.06878662
Burkina Faso,BFA,2000,10.00902748
Burkina Faso,BFA,2019,41.06895828
Burundi,BDI,2000,5.67927122
Burundi,BDI,2019,22.2435379
Cabo Verde,CPV,2000,59.54011154
Cabo Verde,CPV,2019,211.24963379
Cambodia,KHM,2000,19.27847862
Cambodia,KHM,2019,112.5851059
Cameroon,CMR,2000,30.438097
Cameroon,CMR,2019,56.79493713
Canada,CAN,2000,1988.15942383
Canada,CAN,2019,5098.88720703
Cayman Islands,CYM,2000,..
Cayman Islands,CYM,2019,..
Central African Republic,CAF,2000,9.9123354
Central African Republic,CAF,2019,35.76099014
Chad,TCD,2000,10.07452297
Chad,TCD,2019,30.23690224
Channel Islands,CHI,2000,..
Channel Islands,CHI,2019,..
Chile,CHL,2000,353.25033569
Chile,CHL,2019,1348.99401855
China,CHN,2000,42.80797577
China,CHN,2019,538.99157715
Colombia,COL,2000,134.71453857
Colombia,COL,2019,507.06231689
Comoros,COM,2000,47.59479904
Comoros,COM,2019,78.23674774
"Congo, Dem. Rep.",COD,2000,17.52071953
"Congo, Dem. Rep.",COD,2019,19.20812035
"Congo, Rep.",COG,2000,17.35089302
"Congo, Rep.",COG,2019,58.42106628
Costa Rica,CRI,2000,250.30950928
Costa Rica,CRI,2019,930.43511963
Cote d'Ivoire,CIV,2000,30.33073425
Cote d'Ivoire,CIV,2019,68.30471039
Croatia,HRV,2000,385.78341675
Croatia,HRV,2019,1063.54443359
Cuba,CUB,2000,181.09315491
Cuba,CUB,2019,1023.39715576
Curacao,CUW,2000,..
Curacao,CUW,2019,..
Cyprus,CYP,2000,750.51672363
Cyprus,CYP,2019,2059.45019531
Czechia,CZE,2000,342.92108154
Czechia,CZE,2019,1805.44030762
Denmark,DNK,2000,2491.54174805
Denmark,DNK,2019,6049.93408203
Djibouti,DJI,2000,35.48954773
Djibouti,DJI,2019,68.4744873
Dominica,DMA,2000,259.0213623
Dominica,DMA,2019,465.63766479
Dominican Republic,DOM,2000,138.29624939
Dominican Republic,DOM,2019,357.44137573
Ecuador,ECU,2000,49.37281418
Ecuador,ECU,2019,484.54037476
"Egypt, Arab Rep.",EGY,2000,69.37174988
"Egypt, Arab Rep.",EGY,2019,142.69670105
El Salvador,SLV,2000,155.52601624
El Salvador,SLV,2019,380.53384399
Equatorial Guinea,GNQ,2000,20.14153671
Equatorial Guinea,GNQ,2019,223.14128113
Eritrea,ERI,2000,14.03034782
Eritrea,ERI,2019,28.42930794
Estonia,EST,2000,209.97769165
Estonia,EST,2019,1599.3503418
Eswatini,SWZ,2000,76.93126678
Eswatini,SWZ,2019,320.05084229
Ethiopia,ETH,2000,5.28970861
Ethiopia,ETH,2019,25.93511963
Faroe Islands,FRO,2000,..
Faroe Islands,FRO,2019,..
Fiji,FJI,2000,74.28569794
Fiji,FJI,2019,254.83047485
Finland,FIN,2000,1726.74438477
Finland,FIN,2019,4459.9296875
France,FRA,2000,2161.85302734
France,FRA,2019,4519.98583984
French Polynesia,PYF,2000,..
French Polynesia,PYF,2019,..
Gabon,GAB,2000,123.197258
Gabon,GAB,2019,205.99945068
"Gambia, The",GMB,2000,74.83678436
"Gambia, The",GMB,2019,23.21861267
Georgia,GEO,2000,52.25807953
Georgia,GEO,2019,339.86679077
Germany,DEU,2000,2336.36230469
Germany,DEU,2019,5447.31787109
Ghana,GHA,2000,10.46035767
Ghana,GHA,2019,71.14958191
Gibraltar,GIB,2000,..
Gibraltar,GIB,2019,..
Greece,GRC,2000,885.41052246
Greece,GRC,2019,1569.02844238
Greenland,GRL,2000,..
Greenland,GRL,2019,..
Grenada,GRD,2000,259.33764648
Grenada,GRD,2019,515.94726563
Guam,GUM,2000,..
Guam,GUM,2019,..
Guatemala,GTM,2000,83.61930084
Guatemala,GTM,2019,278.59024048
Guinea,GIN,2000,22.71741867
Guinea,GIN,2019,42.16910172
Guinea-Bissau,GNB,2000,13.2785511
Guinea-Bissau,GNB,2019,53.98390961
Guyana,GUY,2000,62.37635422
Guyana,GUY,2019,314.0977478
Haiti,HTI,2000,30.35855865
Haiti,HTI,2019,49.32995987
Honduras,HND,2000,68.48374939
Honduras,HND,2019,183.75006104
"Hong Kong SAR, China",HKG,2000,..
"Hong Kong SAR, China",HKG,2019,..
Hungary,HUN,2000,313.10858154
Hungary,HUN,2019,1062.15869141
Iceland,ISL,2000,2855.57470703
Iceland,ISL,2019,5912.00976563
India,IND,2000,18.47883415
India,IND,2019,60.6913681
Indonesia,IDN,2000,15.39148712
Indonesia,IDN,2019,118.22380829
"Iran, Islamic Rep.",IRN,2000,79.89089203
"Iran, Islamic Rep.",IRN,2019,223.64257813
Iraq,IRQ,2000,..
Iraq,IRQ,2019,241.73873901
Ireland,IRL,2000,1564.83764648
Ireland,IRL,2019,5454.31152344
Isle of Man,IMN,2000,..
Isle of Man,IMN,2019,..
Israel,ISR,2000,1473.00915527
Israel,ISR,2019,3335.24511719
Italy,ITA,2000,1524.23962402
Italy,ITA,2019,2908.83154297
Jamaica,JAM,2000,206.44976807
Jamaica,JAM,2019,390.79431152
Japan,JPN,2000,2751.38452148
Japan,JPN,2019,4431.29980469
Jordan,JOR,2000,151.33486938
Jordan,JOR,2019,294.92785645
Kazakhstan,KAZ,2000,49.093647
Kazakhstan,KAZ,2019,263.61331177
Kenya,KEN,2000,21.53400993
Kenya,KEN,2019,85.64528656
Kiribati,KIR,2000,65.61151886
Kiribati,KIR,2019,177.93025208
"Korea, Dem. People's Rep.",PRK,2000,..
"Korea, Dem. People's Rep.",PRK,2019,..
"Korea, Rep.",KOR,2000,475.2520752
"Korea, Rep.",KOR,2019,2602.4831543
Kosovo,XKX,2000,..
Kosovo,XKX,2019,..
Kuwait,KWT,2000,425.20968628
Kuwait,KWT,2019,1643.16491699
Kyrgyz Republic,KGZ,2000,12.0349474
Kyrgyz Republic,KGZ,2019,61.39657974
Lao PDR,LAO,2000,14.10313892
Lao PDR,LAO,2019,67.57865143
Latvia,LVA,2000,181.57072449
Latvia,LVA,2019,1183.1151123
Lebanon,LBN,2000,425.70095825
Lebanon,LBN,2019,798.13421631
Lesotho,LSO,2000,23.71122551
Lesotho,LSO,2019,235.94372559
Liberia,LBR,2000,7.93455124
Liberia,LBR,2019,51.1932373
Libya,LBY,2000,247.1134491
Libya,LBY,2019,552.73168945
Liechtenstein,LIE,2000,..
Liechtenstein,LIE,2019,9686.88378906
Lithuania,LTU,2000,217.1761322
Lithuania,LTU,2019,1361.20288086
Luxembourg,LUX,2000,2901.19995117
Luxembourg,LUX,2019,6221.73876953
"Macao SAR, China",MAC,2000,..
"Macao SAR, China",MAC,2019,..
Madagascar,MDG,2000,11.1882658
Madagascar,MDG,2019,15.50084877
Malawi,MWI,2000,8.84964848
Malawi,MWI,2019,36.91519165
Malaysia,MYS,2000,111.8384552
Malaysia,MYS,2019,419.32568359
Maldives,MDV,2000,219.8586731
Maldives,MDV,2019,880.79962158
Mali,MLI,2000,14.00473022
Mali,MLI,2019,31.4089489
Malta,MLT,2000,647.10150146
Malta,MLT,2019,2947.24023438
Marshall Islands,MHL,2000,306.73342896
Marshall Islands,MHL,2019,793.66851807
Mauritania,MRT,2000,23.00290108
Mauritania,MRT,2019,54.63365555
Mauritius,MUS,2000,115.89820862
Mauritius,MUS,2019,639.18286133
Mexico,MEX,2000,319.34719849
Mexico,MEX,2019,549.72601318
"Micronesia, Fed. Sts.",FSM,2000,161.47862244
"Micronesia, Fed. Sts.",FSM,2019,425.28103638
Moldova,MDA,2000,21.37988663
Moldova,MDA,2019,283.98425293
Monaco,MCO,2000,2975.82250977
Monaco,MCO,2019,7517.25341797
Mongolia,MNG,2000,28.13583946
Mongolia,MNG,2019,197.57131958
Montenegro,MNE,2000,..
Montenegro,MNE,2019,754.77441406
Morocco,MAR,2000,54.63968277
Morocco,MAR,2019,178.73939514
Mozambique,MOZ,2000,7.00877714
Mozambique,MOZ,2019,41.01906586
Myanmar,MMR,2000,4.47214985
Myanmar,MMR,2019,53.72147369
Namibia,NAM,2000,217.55029297
Namibia,NAM,2019,419.14828491
Nauru,NRU,2000,463.77734375
Nauru,NRU,2019,1213.86804199
Nepal,NPL,2000,8.34249592
Nepal,NPL,2019,53.61107254
Netherlands,NLD,2000,2028.18139648
Netherlands,NLD,2019,5340.61279297
New Caledonia,NCL,2000,..
New Caledonia,NCL,2019,..
New Zealand,NZL,2000,1054.28100586
New Zealand,NZL,2019,3679.59692383
Nicaragua,NIC,2000,53.29532623
Nicaragua,NIC,2019,166.49009705
Niger,NER,2000,9.04467964
Niger,NER,2019,31.89424324
Nigeria,NGA,2000,17.15887642
Nigeria,NGA,2019,67.6254425
North Macedonia,MKD,2000,162.68013
North Macedonia,MKD,2019,469.47344971
Northern Mariana Islands,MNP,2000,..
Northern Mariana Islands,MNP,2019,..
Norway,NOR,2000,2948.93164063
Norway,NOR,2019,8007.35546875
Oman,OMN,2000,261.88265991
Oman,OMN,2019,730.08325195
Pakistan,PAK,2000,15.36755657
Pakistan,PAK,2019,36.01374817
Palau,PLW,2000,675.54473877
Palau,PLW,2019,1928.91564941
Panama,PAN,2000,300.66052246
Panama,PAN,2019,1339.45153809
Papua New Guinea,PNG,2000,18.84121323
Papua New Guinea,PNG,2019,59.89566803
Paraguay,PRY,2000,104.49077606
Paraguay,PRY,2019,416.84432983
Peru,PER,2000,83.63842773
Peru,PER,2019,367.98739624
Philippines,PHL,2000,32.10300446
Philippines,PHL,2019,141.6925354
Poland,POL,2000,238.00448608
Poland,POL,2019,1014.03820801
Portugal,PRT,2000,995.34210205
Portugal,PRT,2019,2209.50219727
Puerto Rico (US),PRI,2000,..
Puerto Rico (US),PRI,2019,..
Qatar,QAT,2000,553.08605957
Qatar,QAT,2019,2007.51525879
Romania,ROU,2000,69.89345551
Romania,ROU,2019,738.5581665
Russian Federation,RUS,2000,95.20859528
Russian Federation,RUS,2019,650.47058105
Rwanda,RWA,2000,9.00399399
Rwanda,RWA,2019,39.81322098
Samoa,WSM,2000,60.4606514
Samoa,WSM,2019,242.91064453
San Marino,SMR,2000,2176.20825195
San Marino,SMR,2019,3801.21044922
Sao Tome and Principe,STP,2000,49.63587952
Sao Tome and Principe,STP,2019,106.86884308
Saudi Arabia,SAU,2000,493.36984253
Saudi Arabia,SAU,2019,1504.55249023
Senegal,SEN,2000,21.41570663
Senegal,SEN,2019,64.33670807
Serbia,SRB,2000,56.52191544
Serbia,SRB,2019,641.04754639
Seychelles,SYC,2000,340.23703003
Seychelles,SYC,2019,675.47839355
Sierra Leone,SLE,2000,17.66835022
Sierra Leone,SLE,2019,48.13619995
Singapore,SGP,2000,796.03100586
Singapore,SGP,2019,2924.24707031
Sint Maarten (Dutch part),SXM,2000,..
Sint Maarten (Dutch part),SXM,2019,..
Slovak Republic,SVK,2000,203.50627136
Slovak Republic,SVK,2019,1342.07580566
Slovenia,SVN,2000,796.64703369
Slovenia,SVN,2019,2219.09790039
Solomon Islands,SLB,2000,46.02681351
Solomon Islands,SLB,2019,98.67025757
"Somalia, Fed. Rep.",SOM,2000,..
"Somalia, Fed. Rep.",SOM,2019,12.99074364
South Africa,ZAF,2000,236.08114624
South Africa,ZAF,2019,538.80438232
South Sudan,SSD,2000,..
South Sudan,SSD,2019,35.18021774
Spain,ESP,2000,1005.28399658
Spain,ESP,2019,2756.62109375
Sri Lanka,LKA,2000,42.54893112
Sri Lanka,LKA,2019,147.01193237
St. Kitts and Nevis,KNA,2000,446.66659546
St. Kitts and Nevis,KNA,2019,1224.18933105
St. Lucia,LCA,2000,285.84280396
St. Lucia,LCA,2019,506.03204346
St. Martin (French part),MAF,2000,..
St. Martin (French part),MAF,2019,..
St. Vincent and the Grenadines,VCT,2000,149.9225769
St. Vincent and the Grenadines,VCT,2019,372.05615234
Sudan,SDN,2000,13.99440289
Sudan,SDN,2019,31.79406929
Suriname,SUR,2000,166.90083313
Suriname,SUR,2019,588.83825684
Sweden,SWE,2000,2173.1940918
Sweden,SWE,2019,5688.04492188
Switzerland,CHE,2000,3550.12597656
Switzerland,CHE,2019,9609.80273438
Syrian Arab Republic,SYR,2000,53.69049835
Syrian Arab Republic,SYR,2019,55.2208252
Tajikistan,TJK,2000,5.90626955
Tajikistan,TJK,2019,60.51568222
Tanzania,TZA,2000,12.33031845
Tanzania,TZA,2019,39.97783661
Thailand,THA,2000,62.21043015
Thailand,THA,2019,288.31097412
Timor-Leste,TLS,2000,..
Timor-Leste,TLS,2019,78.01346588
Togo,TGO,2000,13.0541811
Togo,TGO,2019,48.85387421
Tonga,TON,2000,53.3949585
Tonga,TON,2019,266.68792725
Trinidad and Tobago,TTO,2000,266.16275024
Trinidad and Tobago,TTO,2019,1097.20556641
Tunisia,TUN,2000,111.01378632
Tunisia,TUN,2019,212.60031128
Turkiye,TUR,2000,192.8344574
Turkiye,TUR,2019,388.67486572
Turkmenistan,TKM,2000,75.52490234
Turkmenistan,TKM,2019,432.78118896
Turks and Caicos Islands,TCA,2000,..
Turks and Caicos Islands,TCA,2019,..
Tuvalu,TUV,2000,351.92758179
Tuvalu,TUV,2019,1138.82617188
Uganda,UGA,2000,16.42602158
Uganda,UGA,2019,33.36559677
Ukraine,UKR,2000,34.62232971
Ukraine,UKR,2019,242.81388855
United Arab Emirates,ARE,2000,706.03112793
United Arab Emirates,ARE,2019,1962.46728516
United Kingdom,GBR,2000,2020.96813965
United Kingdom,GBR,2019,4260.03222656
United States,USA,2000,4548.5546875
United States,USA,2019,10550.22070313
Uruguay,URY,2000,699.20495605
Uruguay,URY,2019,1692.50195313
Uzbekistan,UZB,2000,35.72119904
Uzbekistan,UZB,2019,98.6240387
Vanuatu,VUT,2000,48.28763199
Vanuatu,VUT,2019,112.13746643
"Venezuela, RB",VEN,2000,..
"Venezuela, RB",VEN,2019,112.72974396
Viet Nam,VNM,2000,21.0719223
Viet Nam,VNM,2019,171.15296936
Virgin Islands (U.S.),VIR,2000,..
Virgin Islands (U.S.),VIR,2019,..
West Bank and Gaza,PSE,2000,129.54533386
West Bank and Gaza,PSE,2019,317.45007324
"Yemen, Rep.",YEM,2000,22.91244888
"Yemen, Rep.",YEM,2019,80.94759369
Zambia,ZMB,2000,14.80953312
Zambia,ZMB,2019,85.02349854
Zimbabwe,ZWE,2000,..
Zimbabwe,ZWE,2019,55.10725403
