country_name,country_code,year,gdp_per_capita
Afghanistan,AFG,2000,174.9309914
Afghanistan,AFG,2019,496.6025043
Albania,ALB,2000,1160.420471
Albania,ALB,2019,6069.439031
Algeria,DZA,2000,1772.928691
Algeria,DZA,2019,4468.453419
American Samoa,ASM,2000,..
American Samoa,ASM,2019,12886.13595
Andorra,AND,2000,21810.25038
Andorra,AND,2019,41257.81646
Angola,AGO,2000,563.7337956
Angola,AGO,2019,2493.678844
Antigua and Barbuda,ATG,2000,12027.49498
Antigua and Barbuda,ATG,2019,18896.37218
Argentina,ARG,2000,7637.014892
Argentina,ARG,2019,9955.974787
Armenia,ARM,2000,593.4505817
Armenia,ARM,2019,4597.228874
Aruba,ABW,2000,20681.02303
Aruba,ABW,2019,30645.8906
Australia,AUS,2000,21908.9968
Australia,AUS,2019,55194.75851
Austria,AUT,2000,24487.29747
Austria,AUT,2019,49885.99474
Azerbaijan,AZE,2000,655.0972496
Azerbaijan,AZE,2019,4805.753718
"Bahamas, The",BHS,2000,24940.07751
"Bahamas, The",BHS,2019,33640.33699
Bahrain,BHR,2000,14214.48368
Bahrain,BHR,2019,27259.74386
Bangladesh,BGD,2000,396.6707302
Bangladesh,BGD,2019,2129.79897
Barbados,BRB,2000,11674.67365
Barbados,BRB,2019,21912.15012
Belarus,BLR,2000,1276.288034
Belarus,BLR,2019,6837.773396
Belgium,BEL,2000,23098.88651
Belgium,BEL,2019,46716.62275
Belize,BLZ,2000,4726.506755
Belize,BLZ,2019,6171.614498
Benin,BEN,2000,487.4241414
Benin,BEN,2019,1130.821353
Bermuda,BMU,2000,56542.95695
Bermuda,BMU,2019,115798.0408
Bhutan,BTN,2000,771.9249114
Bhutan,BTN,2019,3576.879871
Bolivia,BOL,2000,975.7770604
Bolivia,BOL,2019,4203.154929
Bosnia and Herzegovina,BIH,2000,1338.480596
Bosnia and Herzegovina,BIH,2019,6122.375414
Botswana,BWA,2000,3450.811806
Botswana,BWA,2019,7172.089565
Brazil,BRA,2000,3766.547863
Brazil,BRA,2019,9029.833044
British Virgin Islands,VGB,2000,..
British Virgin Islands,VGB,2019,..
Brunei Darussalam,BRN,2000,20130.25723
Brunei Darussalam,BRN,2019,30426.57307
Bulgaria,BGR,2000,1621.262107
Bulgaria,BGR,2019,10353.72046
Burkina Faso,BFA,2000,248.9085269
Burkina Faso,BFA,2019,764.8530778
Burundi,BDI,2000,134.5378618
Burundi,BDI,2019,234.3106159
Cabo Verde,CPV,2000,1189.514793
Cabo Verde,CPV,2019,4380.781173
Cambodia,KHM,2000,296.4266875
Cambodia,KHM,2019,2225.877055
Cameroon,CMR,2000,708.5657316
Cameroon,CMR,2019,1555.226605
Canada,CAN,2000,24271.00206
Canada,CAN,2019,46352.86934
Cayman Islands,CYM,2000,..
Cayman Islands,CYM,2019,88254.29025
Central African Republic,CAF,2000,239.1541337
Central African Republic,CAF,2019,449.2284676
Chad,TCD,2000,163.1216637
Chad,TCD,2019,893.3364416
Channel Islands,CHI,2000,43479.19408
Channel Islands,CHI,2019,60564.6294
Chile,CHL,2000,5052.992458
Chile,CHL,2019,14495.71672
China,CHN,2000,969.1995137
China,CHN,2019,10342.90095
Colombia,COL,2000,2555.00751
Colombia,COL,2019,6472.545449
Comoros,COM,2000,633.3090328
Comoros,COM,2019,1510.232182
"Congo, Dem. Rep.",COD,2000,377.9254215
"Congo, Dem. Rep.",COD,2019,504.0041914
"Congo, Rep.",COG,2000,1024.301591
"Congo, Rep.",COG,2019,2488.424667
Costa Rica,CRI,2000,3812.753883
Costa Rica,CRI,2019,12884.686
Cote d'Ivoire,CIV,2000,936.6365413
Cote d'Ivoire,CIV,2019,2141.768362
Croatia,HRV,2000,4953.651588
Croatia,HRV,2019,15563.59873
Cuba,CUB,2000,2751.381771
Cuba,CUB,2019,9232.261159
Curacao,CUW,2000,15841.26124
Curacao,CUW,2019,19220.68658
Cyprus,CYP,2000,14388.35254
Cyprus,CYP,2019,29227.17383
Czechia,CZE,2000,6062.921528
Czechia,CZE,2019,24062.719
Denmark,DNK,2000,30722.02518
Denmark,DNK,2019,59404.26632
Djibouti,DJI,2000,737.6121836
Djibouti,DJI,2019,2837.169023
Dominica,DMA,2000,4867.398963
Dominica,DMA,2019,9491.14996
Dominican Republic,DOM,2000,2831.458836
Dominican Republic,DOM,2019,8183.016236
Ecuador,ECU,2000,1382.234218
Ecuador,ECU,2019,6205.057652
"Egypt, Arab Rep.",EGY,2000,1366.092744
"Egypt, Arab Rep.",EGY,2019,2962.98892
El Salvador,SLV,2000,1982.870935
El Salvador,SLV,2019,4320.116715
Equatorial Guinea,GNQ,2000,1487.316551
Equatorial Guinea,GNQ,2019,6804.149231
Eritrea,ERI,2000,314.3573968
Eritrea,ERI,2019,..
Estonia,EST,2000,4070.609024
Estonia,EST,2019,24021.25014
Eswatini,SWZ,2000,1629.670388
Eswatini,SWZ,2019,3913.145775
Ethiopia,ETH,2000,122.2692026
Ethiopia,ETH,2019,793.4732472
Faroe Islands,FRO,2000,23322.75934
Faroe Islands,FRO,2019,63068.28727
Fiji,FJI,2000,1995.720712
Fiji,FJI,2019,5842.073446
Finland,FIN,2000,24335.92251
Finland,FIN,2019,48358.18078
France,FRA,2000,22340.59395
France,FRA,2019,40408.28486
French Polynesia,PYF,2000,14978.3241
French Polynesia,PYF,2019,21582.5892
Gabon,GAB,2000,3982.906201
Gabon,GAB,2019,7441.178647
"Gambia, The",GMB,2000,538.0540723
"Gambia, The",GMB,2019,738.186752
Georgia,GEO,2000,749.908535
Georgia,GEO,2019,4741.283272
Germany,DEU,2000,23925.85599
Germany,DEU,2019,47656.19974
Ghana,GHA,2000,253.7469362
Ghana,GHA,2019,2186.658227
Gibraltar,GIB,2000,..
Gibraltar,GIB,2019,..
Greece,GRC,2000,11638.20107
Greece,GRC,2019,19335.3602
Greenland,GRL,2000,19009.07744
Greenland,GRL,2019,53309.20359
Grenada,GRD,2000,4839.828111
Grenada,GRD,2019,10462.79292
Guam,GUM,2000,..
Guam,GUM,2019,39274.94314
Guatemala,GTM,2000,1648.96579
Guatemala,GTM,2019,4511.998396
Guinea,GIN,2000,518.1570669
Guinea,GIN,2019,1031.341465
Guinea-Bissau,GNB,2000,316.945495
Guinea-Bissau,GNB,2019,811.2164259
Guyana,GUY,2000,931.7966517
Guyana,GUY,2019,6405.824434
Haiti,HTI,2000,820.6000468
Haiti,HTI,2019,1352.172042
Honduras,HND,2000,1092.564007
Honduras,HND,2019,2502.327443
"Hong Kong SAR, China",HKG,2000,25756.77287
"Hong Kong SAR, China",HKG,2019,48359.0012
Hungary,HUN,2000,4629.917608
Hungary,HUN,2019,17012.85986
Iceland,ISL,2000,32503.57896
Iceland,ISL,2019,69296.31444
India,IND,2000,442.7502189
India,IND,2019,2041.428637
Indonesia,IDN,2000,763.711125
Indonesia,IDN,2019,4106.948562
"Iran, Islamic Rep.",IRN,2000,1650.013858
"Iran, Islamic Rep.",IRN,2019,3997.493545
Iraq,IRQ,2000,1980.18916
Iraq,IRQ,2019,5671.856863
Ireland,IRL,2000,26334.56721
Ireland,IRL,2019,81827.66889
Isle of Man,IMN,2000,21161.39631
Isle of Man,IMN,2019,87127.5518
Israel,ISR,2000,21706.51941
Israel,ISR,2019,44250.63136
Italy,ITA,2000,20190.00356
Italy,ITA,2019,33812.78872
Jamaica,JAM,2000,3453.092528
Jamaica,JAM,2019,6030.688964
Japan,JPN,2000,39169.35957
Japan,JPN,2019,40415.95676
Jordan,JOR,2000,1570.610029
Jordan,JOR,2019,4170.1144
Kazakhstan,KAZ,2000,1180.044456
Kazakhstan,KAZ,2019,9457.126147
Kenya,KEN,2000,414.6263651
Kenya,KEN,2019,1960.408089
Kiribati,KIR,2000,845.3672402
Kiribati,KIR,2019,1750.997719
"Korea, Dem. People's Rep.",PRK,2000,..
"Korea, Dem. People's Rep.",PRK,2019,..
"Korea, Rep.",KOR,2000,12710.29958
"Korea, Rep.",KOR,2019,33826.94433
Kosovo,XKX,2000,..
Kosovo,XKX,2019,4415.99923
Kuwait,KWT,2000,19296.34717
Kuwait,KWT,2019,31707.87374
Kyrgyz Republic,KGZ,2000,279.6217385
Kyrgyz Republic,KGZ,2019,1421.999275
Lao PDR,LAO,2000,318.7498522
Lao PDR,LAO,2019,2589.32081
Latvia,LVA,2000,3278.178964
Latvia,LVA,2019,17294.97516
Lebanon,LBN,2000,3986.835139
Lebanon,LBN,2019,8905.880055
Lesotho,LSO,2000,442.7795458
Lesotho,LSO,2019,1082.057068
Liberia,LBR,2000,298.4853406
Liberia,LBR,2019,658.1641808
Libya,LBY,2000,7214.100404
Libya,LBY,2019,9963.194891
Liechtenstein,LIE,2000,76087.91111
Liechtenstein,LIE,2019,166907.8393
Lithuania,LTU,2000,3300.636349
Lithuania,LTU,2019,19608.79439
Luxembourg,LUX,2000,48659.59888
Luxembourg,LUX,2019,112696.6491
"Macao SAR, China",MAC,2000,15731.40816
"Macao SAR, China",MAC,2019,81882.69645
Madagascar,MDG,2000,280.2829056
Madagascar,MDG,2019,499.8188376
Malawi,MWI,2000,224.2241592
Malawi,MWI,2019,580.8891398
Malaysia,MYS,2000,4083.528745
Malaysia,MYS,2019,10920.19176
Maldives,MDV,2000,2213.812351
Maldives,MDV,2019,11740.2724
Mali,MLI,2000,304.6528702
Mali,MLI,2019,971.9493186
Malta,MLT,2000,10348.48589
Malta,MLT,2019,32421.91798
Marshall Islands,MHL,2000,2264.791149
Marshall Islands,MHL,2019,5292.339855
Mauritania,MRT,2000,680.9110619
Mauritania,MRT,2019,1767.072711
Mauritius,MUS,2000,3981.983432
Mauritius,MUS,2019,11568.25334
Mexico,MEX,2000,7524.027138
Mexico,MEX,2019,10369.55536
"Micronesia, Fed. Sts.",FSM,2000,2049.345325
"Micronesia, Fed. Sts.",FSM,2019,3572.659183
Moldova,MDA,2000,440.538684
Moldova,MDA,2019,4405.334182
Monaco,MCO,2000,81789.02065
Monaco,MCO,2019,193746.7856
Mongolia,MNG,2000,476.0275508
Mongolia,MNG,2019,4347.546103
Montenegro,MNE,2000,1627.065119
Montenegro,MNE,2019,8749.023752
Morocco,MAR,2000,1499.107422
Morocco,MAR,2019,3508.097656
Mozambique,MOZ,2000,327.1262398
Mozambique,MOZ,2019,519.0925509
Myanmar,MMR,2000,196.6195806
Myanmar,MMR,2019,1425.989542
Namibia,NAM,2000,2156.675905
Namibia,NAM,2019,4731.921032
Nauru,NRU,2000,2648.601529
Nauru,NRU,2019,10801.77057
Nepal,NPL,2000,223.8302892
Nepal,NPL,2019,1203.142947
Netherlands,NLD,2000,26225.16977
Netherlands,NLD,2019,53554.90075
New Caledonia,NCL,2000,15329.72972
New Caledonia,NCL,2019,33411.33588
New Zealand,NZL,2000,13641.10272
New Zealand,NZL,2019,42855.83186
Nicaragua,NIC,2000,1017.312443
Nicaragua,NIC,2019,1958.620515
Niger,NER,2000,194.7719599
Niger,NER,2019,561.6913043
Nigeria,NGA,2000,547.3182989
Nigeria,NGA,2019,3189.812865
North Macedonia,MKD,2000,1861.898998
North Macedonia,MKD,2019,6718.858266
Northern Mariana Islands,MNP,2000,..
Northern Mariana Islands,MNP,2019,24496.66521
Norway,NOR,2000,38178.23688
Norway,NOR,2019,76430.58895
Oman,OMN,2000,9753.847552
Oman,OMN,2019,19180.18642
Pakistan,PAK,2000,642.3383465
Pakistan,PAK,2019,1390.41691
Palau,PLW,2000,7798.075042
Palau,PLW,2019,15846.79685
Panama,PAN,2000,3975.093103
Panama,PAN,2019,16477.90663
Papua New Guinea,PNG,2000,635.957919
Papua New Guinea,PNG,2019,2575.772741
Paraguay,PRY,2000,1736.117292
Paraguay,PRY,2019,5821.181995
Peru,PER,2000,1945.413385
Peru,PER,2019,7037.008037
Philippines,PHL,2000,1050.792731
Philippines,PHL,2019,3400.789498
Poland,POL,2000,4520.641004
Poland,POL,2019,15874.52205
Portugal,PRT,2000,11526.37207
Portugal,PRT,2019,23343.3629
Puerto Rico (US),PRI,2000,16192.12697
Puerto Rico (US),PRI,2019,31830.5285
Qatar,QAT,2000,27535.18294
Qatar,QAT,2019,66841.36232
Romania,ROU,2000,1659.929049
Romania,ROU,2019,12909.6104
Russian Federation,RUS,2000,1771.594116
Russian Federation,RUS,2019,11447.70117
Rwanda,RWA,2000,251.8692639
Rwanda,RWA,2019,810.0514121
Samoa,WSM,2000,1424.7524
Samoa,WSM,2019,4351.942349
San Marino,SMR,2000,37600.70774
San Marino,SMR,2019,46630.14431
Sao Tome and Principe,STP,2000,529.0893834
Sao Tome and Principe,STP,2019,1935.293182
Saudi Arabia,SAU,2000,11714.56237
Saudi Arabia,SAU,2019,29566.79338
Senegal,SEN,2000,603.2331625
Senegal,SEN,2019,1431.181289
Serbia,SRB,2000,974.7254693
Serbia,SRB,2019,7755.632986
Seychelles,SYC,2000,8063.655006
Seychelles,SYC,2019,19141.51187
Sierra Leone,SLE,2000,143.7437432
Sierra Leone,SLE,2019,843.7125178
Singapore,SGP,2000,23852.83895
Singapore,SGP,2019,65952.0379
Sint Maarten (Dutch part),SXM,2000,..
Sint Maarten (Dutch part),SXM,2019,34861.46953
Slovak Republic,SVK,2000,5421.644844
Slovak Republic,SVK,2019,19406.05897
Slovenia,SVN,2000,10135.72191
Slovenia,SVN,2019,25814.16872
Solomon Islands,SLB,2000,953.1719014
Solomon Islands,SLB,2019,2223.658909
"Somalia, Fed. Rep.",SOM,2000,386.1192744
"Somalia, Fed. Rep.",SOM,2019,539.9548162
South Africa,ZAF,2000,3217.846934
South Africa,ZAF,2019,6533.71121
South Sudan,SSD,2000,..
South Sudan,SSD,2019,..
Spain,ESP,2000,14743.2671
Spain,ESP,2019,29786.52457
Sri Lanka,LKA,2000,860.1998843
Sri Lanka,LKA,2019,4081.947727
St. Kitts and Nevis,KNA,2000,9319.655451
St. Kitts and Nevis,KNA,2019,23595.49232
St. Lucia,LCA,2000,5879.561914
St. Lucia,LCA,2019,11794.05972
St. Martin (French part),MAF,2000,..
St. Martin (French part),MAF,2019,19033.06496
St. Vincent and the Grenadines,VCT,2000,3768.955366
St. Vincent and the Grenadines,VCT,2019,8740.594252
Sudan,SDN,2000,362.1168823
Sudan,SDN,2019,709.9752808
Suriname,SUR,2000,1988.221729
Suriname,SUR,2019,6629.667752
Sweden,SWE,2000,29632.58908
Sweden,SWE,2019,51648.98928
Switzerland,CHE,2000,38865.02194
Switzerland,CHE,2019,84121.93103
Syrian Arab Republic,SYR,2000,1138.188485
Syrian Arab Republic,SYR,2019,1109.53926
Tajikistan,TJK,2000,136.9257164
Tajikistan,TJK,2019,871.0223729
Tanzania,TZA,2000,401.6981506
Tanzania,TZA,2019,1063.32251
Thailand,THA,2000,2005.976945
Thailand,THA,2019,7605.696578
Timor-Leste,TLS,2000,492.4576379
Timor-Leste,TLS,2019,1562.364581
Togo,TGO,2000,409.8898028
Togo,TGO,2019,826.255209
Tonga,TON,2000,1995.076675
Tonga,TON,2019,4788.833423
Trinidad and Tobago,TTO,2000,6178.589756
Trinidad and Tobago,TTO,2019,17212.61289
Tunisia,TUN,2000,2199.044659
Tunisia,TUN,2019,3528.872133
Turkiye,TUR,2000,4199.379864
Turkiye,TUR,2019,9395.23378
Turkmenistan,TKM,2000,633.8354876
Turkmenistan,TKM,2019,5998.001743
Turks and Caicos Islands,TCA,2000,..
Turks and Caicos Islands,TCA,2019,31780.52171
Tuvalu,TUV,2000,1579.419063
Tuvalu,TUV,2019,5115.13076
Uganda,UGA,2000,258.0503387
Uganda,UGA,2019,822.17115
Ukraine,UKR,2000,653.2943115
Ukraine,UKR,2019,3619.861572
United Arab Emirates,ARE,2000,29865.50235
United Arab Emirates,ARE,2019,45938.60736
United Kingdom,GBR,2000,28383.87611
United Kingdom,GBR,2019,43158.74113
United States,USA,2000,36329.95607
United States,USA,2019,64746.45068
Uruguay,URY,2000,6987.700988
Uruguay,URY,2019,18315.7317
Uzbekistan,UZB,2000,555.1492311
Uzbekistan,UZB,2019,2041.384807
Vanuatu,VUT,2000,1460.238177
Vanuatu,VUT,2019,3207.446505
"Venezuela, RB",VEN,2000,4776.281676
"Venezuela, RB",VEN,2019,2523.112752
Viet Nam,VNM,2000,404.0297841
Viet Nam,VNM,2019,3440.900254
Virgin Islands (U.S.),VIR,2000,..
Virgin Islands (U.S.),VIR,2019,38633.52989
West Bank and Gaza,PSE,2000,1476.17185
West Bank and Gaza,PSE,2019,3656.858271
"Yemen, Rep.",YEM,2000,493.2351826
"Yemen, Rep.",YEM,2019,..
Zambia,ZMB,2000,359.429501
Zambia,ZMB,2019,1258.986198
Zimbabwe,ZWE,2000,562.8337575
Zimbabwe,ZWE,2019,2184.329239
